#{"t_start": 1656484130.1777477, "env_id": "IK-WMMO-Gazebo-v0"}
r,l,t
-1.935547,100,54.389388
-1.056296,1,55.257892
