#{"t_start": 1655046541.7600222, "env_id": "IK-Gazebo-v0"}
r,l,t
-1.027993,100,11.175336
