#{"t_start": 1655139600.283443, "env_id": "IK-WO-Gazebo-v0"}
r,l,t
-0.925651,100,20.326743
