#{"t_start": 1656484199.4420989, "env_id": "IK-WMMO-Gazebo-v0"}
r,l,t
-2.09865,100,54.779232
