#{"t_start": 1655045673.1024728, "env_id": "IK-Gazebo-v0"}
r,l,t
0.2505,29,5.98284
