#{"t_start": 1655140869.7373507, "env_id": "IK-WO-Gazebo-v0"}
r,l,t
-0.154453,31,5.039794
