#{"t_start": 1656485602.751691, "env_id": "IK-WMO-Gazebo-v0"}
r,l,t
-1.031798,5,6.361711
-1.283032,22,18.155677
-1.285776,8,22.304384
