#{"t_start": 1656303419.6342132, "env_id": "IK-WMO-Gazebo-v0"}
r,l,t
-0.95079,5,4.315974
-1.171223,11,5.360651
-1.118306,10,6.392953
-1.392343,9,7.301603
-1.063964,11,8.31103
-1.107187,4,8.754557
-1.822565,36,12.08375
-2.6079,75,19.00532
