#{"t_start": 1656485662.6085258, "env_id": "IK-Gazebo-v0"}
r,l,t
-0.976582,100,8.676896
-1.243267,100,13.832448
-1.335179,100,19.112949
