#{"t_start": 1655141172.7345097, "env_id": "IK-WO-Gazebo-v0"}
r,l,t
-0.535294,69,7.065162
