#{"t_start": 1655135923.3232522, "env_id": "IK-WO-Gazebo-v0"}
r,l,t
-1.202296,100,11.518436
-1.135657,100,17.848024
