#{"t_start": 1656129822.6427164, "env_id": "IK-WO-Gazebo-v0"}
r,l,t
-1.995898,40,6.452812
-1.792863,10,7.216591
-2.601359,100,14.394928
-2.13082,55,18.34444
