#{"t_start": 1656492288.6283288, "env_id": "IK-WMMO-Gazebo-v0"}
r,l,t
-0.909801,5,5.003327
-1.772997,22,7.588234
