#{"t_start": 1656485769.4836774, "env_id": "IK-WMMO-Gazebo-v0"}
r,l,t
-1.250978,2,4.583729
-1.223031,3,5.465772
