#{"t_start": 1656156817.618531, "env_id": "IK-WO-Gazebo-v1"}
r,l,t
-2.022785,40,24.966337
-1.745274,10,30.706382
