#{"t_start": 1655136255.9529116, "env_id": "IK-WO-Gazebo-v0"}
r,l,t
-1.239304,100,23.955959
-1.208774,100,28.96115
