#{"t_start": 1655148005.5710387, "env_id": "IK-WO-Gazebo-v0"}
r,l,t
-165.147391,100,24.038018
