#{"t_start": 1655140828.8539484, "env_id": "IK-WO-Gazebo-v0"}
r,l,t
-0.238975,40,5.389951
-7401.42176,100,12.208116
