#{"t_start": 1656482158.2370787, "env_id": "IK-WO-Gazebo-v0"}
r,l,t
-1.038803,2,4.158933
-1.18134,8,4.859042
-2.186188,100,12.805735
