#{"t_start": 1656156773.157792, "env_id": "IK-WO-Gazebo-v1"}
r,l,t
-2.645708,50,30.385811
