#{"t_start": 1655044474.8182096, "env_id": "IK-Gazebo-v0"}
r,l,t
-1.160218,100,10.226125
-1.339271,100,16.837777
-1.263136,100,23.422036
