#{"t_start": 1656484424.7389832, "env_id": "IK-WMMO-Gazebo-v0"}
r,l,t
-1.848211,100,56.178735
-1.585938,20,66.654392
-1.992982,40,87.524634
