#{"t_start": 1655046802.8770614, "env_id": "IK-Gazebo-v0"}
r,l,t
-0.699057,100,11.133402
