#{"t_start": 1655045362.4050624, "env_id": "IK-Gazebo-v0"}
r,l,t
-0.95609,100,10.739132
-0.959791,100,17.450111
