#{"t_start": 1656482022.7870033, "env_id": "IK-Gazebo-v0"}
r,l,t
-1.332351,100,11.545681
-1.532391,100,16.585139
-0.868585,100,21.544845
0.876963,37,23.488617
-0.976943,100,28.317663
-1.363327,100,33.253748
-1.363532,100,38.166712
