#{"t_start": 1655148063.9196095, "env_id": "IK-WO-Gazebo-v0"}
r,l,t
-166.213245,100,42.943458
-200.167853,100,137.637529
-200.857945,100,192.486384
