#{"t_start": 1655140923.3578432, "env_id": "IK-WO-Gazebo-v0"}
r,l,t
-100.127502,28,4.90938
-99.999783,20,5.995394
