#{"t_start": 1655136342.3238392, "env_id": "IK-WO-Gazebo-v0"}
r,l,t
-1.223394,100,27.208046
