#{"t_start": 1656156878.4216683, "env_id": "IK-WO-Gazebo-v1"}
r,l,t
-1.791658,39,8.190901
-1.748174,11,9.476654
-2.366415,100,20.066896
