#{"t_start": 1656360137.1104565, "env_id": "IK-WO-Gazebo-v0"}
r,l,t
-1.038773,2,8.038139
-1.20635,8,12.162987
